chip_path,score,pbr,bright_frac,tail_snr
/Volumes/Tejas SSD/datasets/s1_chips/ots_aoi_a/ots_aoi_a_r07922_c05422.png,2355,129.0,0.000267,1.3676
/Volumes/Tejas SSD/datasets/s1_chips/ots_aoi_a/ots_aoi_a_r07922_c05678.png,2310,127.0,0.001179,1.2857
/Volumes/Tejas SSD/datasets/s1_chips/ots_aoi_a/ots_aoi_a_r07922_c05934.png,2334,107.0,0.001049,1.1875
/Volumes/Tejas SSD/datasets/s1_chips/ots_aoi_a/ots_aoi_a_r08178_c05166.png,2340,100.0,1.1e-05,1.1833
/Volumes/Tejas SSD/datasets/s1_chips/ots_aoi_a/ots_aoi_a_r03826_c07982.png,2774,99.0,0.00214,1.15
/Volumes/Tejas SSD/datasets/s1_chips/ots_aoi_a/ots_aoi_a_r07666_c06446.png,2139,111.0,0.000313,1.1471
/Volumes/Tejas SSD/datasets/s1_chips/ots_aoi_a/ots_aoi_a_r07922_c05166.png,2250,115.0,0.000134,1.1429
/Volumes/Tejas SSD/datasets/s1_chips/ots_aoi_a/ots_aoi_a_r07666_c06702.png,2438,104.0,0.001591,1.1429
/Volumes/Tejas SSD/datasets/s1_chips/ots_aoi_a/ots_aoi_a_r03314_c07470.png,2359,92.0,0.000397,1.1429
/Volumes/Tejas SSD/datasets/s1_chips/ots_aoi_a/ots_aoi_a_r03314_c07214.png,2234,94.0,0.00013,1.1379
/Volumes/Tejas SSD/datasets/s1_chips/ots_aoi_a/ots_aoi_a_r03570_c07982.png,2775,99.0,0.00214,1.1311
/Volumes/Tejas SSD/datasets/s1_chips/ots_aoi_a/ots_aoi_a_r07666_c07982.png,2254,99.0,0.000126,1.1311
/Volumes/Tejas SSD/datasets/s1_chips/ots_aoi_a/ots_aoi_a_r06898_c07470.png,2196,98.0,7.2e-05,1.1311
/Volumes/Tejas SSD/datasets/s1_chips/ots_aoi_a/ots_aoi_a_r08690_c03886.png,2193,106.0,0.000679,1.1231
/Volumes/Tejas SSD/datasets/s1_chips/ots_aoi_a/ots_aoi_a_r08178_c05934.png,2241,96.0,3.1e-05,1.1167
/Volumes/Tejas SSD/datasets/s1_chips/ots_aoi_a/ots_aoi_a_r03058_c07470.png,2362,99.0,0.000496,1.1129
/Volumes/Tejas SSD/datasets/s1_chips/ots_aoi_a/ots_aoi_a_r03826_c06190.png,2546,88.0,0.005791,1.1071
/Volumes/Tejas SSD/datasets/s1_chips/ots_aoi_a/ots_aoi_a_r03058_c05678.png,3728,91.0,0.017605,1.1053
/Volumes/Tejas SSD/datasets/s1_chips/ots_aoi_a/ots_aoi_a_r07922_c04654.png,2155,90.0,0.000198,1.1053
/Volumes/Tejas SSD/datasets/s1_chips/ots_aoi_a/ots_aoi_a_r08434_c04398.png,2389,95.0,0.000603,1.1017
/Volumes/Tejas SSD/datasets/s1_chips/ots_aoi_a/ots_aoi_a_r08690_c05166.png,2240,93.0,9.5e-05,1.1017
/Volumes/Tejas SSD/datasets/s1_chips/ots_aoi_a/ots_aoi_a_r07922_c06958.png,2495,96.0,0.002228,1.1
/Volumes/Tejas SSD/datasets/s1_chips/ots_aoi_a/ots_aoi_a_r08178_c05678.png,2327,97.0,4e-06,1.0984
/Volumes/Tejas SSD/datasets/s1_chips/ots_aoi_a/ots_aoi_a_r07154_c07214.png,2195,99.0,0.000118,1.0968
/Volumes/Tejas SSD/datasets/s1_chips/ots_aoi_a/ots_aoi_a_r05618_c07214.png,2229,87.0,0.000675,1.0909
/Volumes/Tejas SSD/datasets/s1_chips/ots_aoi_a/ots_aoi_a_r05362_c07470.png,2217,86.0,0.000286,1.0909
/Volumes/Tejas SSD/datasets/s1_chips/ots_aoi_a/ots_aoi_a_r03570_c06446.png,2217,89.0,0.000984,1.0893
/Volumes/Tejas SSD/datasets/s1_chips/ots_aoi_a/ots_aoi_a_r08434_c05166.png,2330,90.0,8e-06,1.0877
/Volumes/Tejas SSD/datasets/s1_chips/ots_aoi_a/ots_aoi_a_r05618_c06958.png,2373,89.0,0.002781,1.0877
/Volumes/Tejas SSD/datasets/s1_chips/ots_aoi_a/ots_aoi_a_r08690_c06190.png,2190,89.0,0.000526,1.0877
/Volumes/Tejas SSD/datasets/s1_chips/ots_aoi_a/ots_aoi_a_r08178_c04398.png,2320,88.0,0.000645,1.0877
/Volumes/Tejas SSD/datasets/s1_chips/ots_aoi_a/ots_aoi_a_r07410_c07726.png,2328,93.0,0.0,1.0847
/Volumes/Tejas SSD/datasets/s1_chips/ots_aoi_a/ots_aoi_a_r08178_c04142.png,2201,92.0,0.000637,1.0847
/Volumes/Tejas SSD/datasets/s1_chips/ots_aoi_a/ots_aoi_a_r07922_c04398.png,2501,97.0,0.001656,1.082
/Volumes/Tejas SSD/datasets/s1_chips/ots_aoi_a/ots_aoi_a_r07666_c06958.png,2490,96.0,0.001625,1.082
/Volumes/Tejas SSD/datasets/s1_chips/ots_aoi_a/ots_aoi_a_r07410_c06190.png,2621,95.0,0.006989,1.082
/Volumes/Tejas SSD/datasets/s1_chips/ots_aoi_a/ots_aoi_a_r07410_c06958.png,2201,95.0,0.000324,1.082
/Volumes/Tejas SSD/datasets/s1_chips/ots_aoi_a/ots_aoi_a_r08434_c03630.png,2726,98.0,0.007023,1.0806
/Volumes/Tejas SSD/datasets/s1_chips/ots_aoi_a/ots_aoi_a_r03058_c07214.png,2193,98.0,0.000603,1.0806
/Volumes/Tejas SSD/datasets/s1_chips/ots_aoi_a/ots_aoi_a_r07410_c06702.png,2183,101.0,0.000641,1.0781
/Volumes/Tejas SSD/datasets/s1_chips/ots_aoi_a/ots_aoi_a_r07922_c06190.png,2140,101.0,8.4e-05,1.0781
/Volumes/Tejas SSD/datasets/s1_chips/ots_aoi_a/ots_aoi_a_r08178_c06190.png,2160,99.0,0.000423,1.0781
/Volumes/Tejas SSD/datasets/s1_chips/ots_aoi_a/ots_aoi_a_r05106_c07982.png,2282,86.0,6.9e-05,1.0727
/Volumes/Tejas SSD/datasets/s1_chips/ots_aoi_a/ots_aoi_a_r08434_c07214.png,2256,86.0,0.002941,1.0727
/Volumes/Tejas SSD/datasets/s1_chips/ots_aoi_a/ots_aoi_a_r05106_c07726.png,2228,86.0,5e-05,1.0727
/Volumes/Tejas SSD/datasets/s1_chips/ots_aoi_a/ots_aoi_a_r06386_c06958.png,2607,85.0,0.007748,1.0727
/Volumes/Tejas SSD/datasets/s1_chips/ots_aoi_a/ots_aoi_a_r05618_c04910.png,3724,84.0,0.020756,1.0727
/Volumes/Tejas SSD/datasets/s1_chips/ots_aoi_a/ots_aoi_a_r03826_c05934.png,3032,87.0,0.012348,1.0714
/Volumes/Tejas SSD/datasets/s1_chips/ots_aoi_a/ots_aoi_a_r04082_c06190.png,2953,87.0,0.012211,1.0714
/Volumes/Tejas SSD/datasets/s1_chips/ots_aoi_a/ots_aoi_a_r04850_c07470.png,2264,87.0,9.9e-05,1.0714
/Volumes/Tejas SSD/datasets/s1_chips/ots_aoi_a/ots_aoi_a_r06386_c07726.png,2232,87.0,0.000362,1.0714
/Volumes/Tejas SSD/datasets/s1_chips/ots_aoi_a/ots_aoi_a_r07922_c03630.png,3368,86.0,0.014595,1.0714
/Volumes/Tejas SSD/datasets/s1_chips/ots_aoi_a/ots_aoi_a_r04338_c07214.png,2287,86.0,0.000179,1.0714
/Volumes/Tejas SSD/datasets/s1_chips/ots_aoi_a/ots_aoi_a_r03826_c07214.png,2237,86.0,0.000137,1.0714
/Volumes/Tejas SSD/datasets/s1_chips/ots_aoi_a/ots_aoi_a_r08690_c07470.png,2429,89.0,0.001816,1.0702
/Volumes/Tejas SSD/datasets/s1_chips/ots_aoi_a/ots_aoi_a_r03314_c06702.png,2243,89.0,0.00103,1.0702
/Volumes/Tejas SSD/datasets/s1_chips/ots_aoi_a/ots_aoi_a_r05362_c06702.png,3082,88.0,0.008762,1.0702
/Volumes/Tejas SSD/datasets/s1_chips/ots_aoi_a/ots_aoi_a_r08434_c07470.png,2498,88.0,0.003342,1.0702
/Volumes/Tejas SSD/datasets/s1_chips/ots_aoi_a/ots_aoi_a_r04850_c07982.png,2461,88.0,0.000755,1.0702
/Volumes/Tejas SSD/datasets/s1_chips/ots_aoi_a/ots_aoi_a_r08178_c07982.png,2323,87.0,0.00103,1.0702
/Volumes/Tejas SSD/datasets/s1_chips/ots_aoi_a/ots_aoi_a_r03570_c07470.png,2234,87.0,8e-06,1.0702
/Volumes/Tejas SSD/datasets/s1_chips/ots_aoi_a/ots_aoi_a_r05618_c06702.png,3157,90.0,0.009109,1.069
/Volumes/Tejas SSD/datasets/s1_chips/ots_aoi_a/ots_aoi_a_r03314_c05934.png,2892,90.0,0.010178,1.069
/Volumes/Tejas SSD/datasets/s1_chips/ots_aoi_a/ots_aoi_a_r03314_c06446.png,2275,90.0,0.002113,1.069
/Volumes/Tejas SSD/datasets/s1_chips/ots_aoi_a/ots_aoi_a_r08690_c04910.png,2269,90.0,7.6e-05,1.069
/Volumes/Tejas SSD/datasets/s1_chips/ots_aoi_a/ots_aoi_a_r08178_c03630.png,3118,89.0,0.012287,1.069
/Volumes/Tejas SSD/datasets/s1_chips/ots_aoi_a/ots_aoi_a_r05106_c07470.png,2243,89.0,0.000179,1.069
/Volumes/Tejas SSD/datasets/s1_chips/ots_aoi_a/ots_aoi_a_r07922_c03886.png,2837,92.0,0.009304,1.0678
/Volumes/Tejas SSD/datasets/s1_chips/ots_aoi_a/ots_aoi_a_r07410_c07982.png,2311,91.0,0.0,1.0678
/Volumes/Tejas SSD/datasets/s1_chips/ots_aoi_a/ots_aoi_a_r08690_c05422.png,2291,90.0,2.7e-05,1.0678
/Volumes/Tejas SSD/datasets/s1_chips/ots_aoi_a/ots_aoi_a_r07922_c07214.png,2183,90.0,0.001026,1.0678
/Volumes/Tejas SSD/datasets/s1_chips/ots_aoi_a/ots_aoi_a_r06898_c07726.png,2250,93.0,1.5e-05,1.0656
/Volumes/Tejas SSD/datasets/s1_chips/ots_aoi_a/ots_aoi_a_r08434_c04142.png,2288,96.0,0.000164,1.0645
/Volumes/Tejas SSD/datasets/s1_chips/ots_aoi_a/ots_aoi_a_r03058_c06446.png,2291,86.6,0.002636,1.0638
/Volumes/Tejas SSD/datasets/s1_chips/ots_aoi_a/ots_aoi_a_r07922_c04142.png,2531,97.0,0.004284,1.0635
/Volumes/Tejas SSD/datasets/s1_chips/ots_aoi_a/ots_aoi_a_r08690_c03630.png,2435,97.0,0.004486,1.0635
/Volumes/Tejas SSD/datasets/s1_chips/ots_aoi_a/ots_aoi_a_r03826_c07470.png,2261,88.6,3.4e-05,1.0626
/Volumes/Tejas SSD/datasets/s1_chips/ots_aoi_a/ots_aoi_a_r07666_c07726.png,2189,102.0,0.000206,1.0606
/Volumes/Tejas SSD/datasets/s1_chips/ots_aoi_a/ots_aoi_a_r08434_c03886.png,2333,103.0,0.002678,1.0597
/Volumes/Tejas SSD/datasets/s1_chips/ots_aoi_a/ots_aoi_a_r03826_c04654.png,2724,85.0,0.010406,1.0545
/Volumes/Tejas SSD/datasets/s1_chips/ots_aoi_a/ots_aoi_a_r05362_c06190.png,2804,84.0,0.012077,1.0545
/Volumes/Tejas SSD/datasets/s1_chips/ots_aoi_a/ots_aoi_a_r03826_c05422.png,3241,87.0,0.016315,1.0536
/Volumes/Tejas SSD/datasets/s1_chips/ots_aoi_a/ots_aoi_a_r07666_c03630.png,3104,87.0,0.013206,1.0536
/Volumes/Tejas SSD/datasets/s1_chips/ots_aoi_a/ots_aoi_a_r03570_c04398.png,3097,87.0,0.013824,1.0536
/Volumes/Tejas SSD/datasets/s1_chips/ots_aoi_a/ots_aoi_a_r03058_c06190.png,2343,87.0,0.004238,1.0536
/Volumes/Tejas SSD/datasets/s1_chips/ots_aoi_a/ots_aoi_a_r07154_c04398.png,3764,86.0,0.021996,1.0536
/Volumes/Tejas SSD/datasets/s1_chips/ots_aoi_a/ots_aoi_a_r04338_c06190.png,3786,85.0,0.021046,1.0536
/Volumes/Tejas SSD/datasets/s1_chips/ots_aoi_a/ots_aoi_a_r03058_c04398.png,3337,85.0,0.017303,1.0536
/Volumes/Tejas SSD/datasets/s1_chips/ots_aoi_a/ots_aoi_a_r07666_c03374.png,3302,85.0,0.015808,1.0536
/Volumes/Tejas SSD/datasets/s1_chips/ots_aoi_a/ots_aoi_a_r03826_c05166.png,2874,85.0,0.012844,1.0536
/Volumes/Tejas SSD/datasets/s1_chips/ots_aoi_a/ots_aoi_a_r07410_c03630.png,2831,85.0,0.011555,1.0536
/Volumes/Tejas SSD/datasets/s1_chips/ots_aoi_a/ots_aoi_a_r03314_c06190.png,2370,89.0,0.003788,1.0526
/Volumes/Tejas SSD/datasets/s1_chips/ots_aoi_a/ots_aoi_a_r03826_c04398.png,3930,87.0,0.02042,1.0526
/Volumes/Tejas SSD/datasets/s1_chips/ots_aoi_a/ots_aoi_a_r07154_c04142.png,3642,87.0,0.019314,1.0526
/Volumes/Tejas SSD/datasets/s1_chips/ots_aoi_a/ots_aoi_a_r03570_c05934.png,2600,87.0,0.00835,1.0526
/Volumes/Tejas SSD/datasets/s1_chips/ots_aoi_a/ots_aoi_a_r08178_c07726.png,2373,87.0,0.002541,1.0526
/Volumes/Tejas SSD/datasets/s1_chips/ots_aoi_a/ots_aoi_a_r08178_c06958.png,2361,87.0,0.003193,1.0526
/Volumes/Tejas SSD/datasets/s1_chips/ots_aoi_a/ots_aoi_a_r08690_c05678.png,2307,87.0,1.1e-05,1.0526
/Volumes/Tejas SSD/datasets/s1_chips/ots_aoi_a/ots_aoi_a_r04082_c07470.png,2254,87.0,4.6e-05,1.0526
/Volumes/Tejas SSD/datasets/s1_chips/ots_aoi_a/ots_aoi_a_r06386_c06702.png,3369,86.0,0.017582,1.0526
/Volumes/Tejas SSD/datasets/s1_chips/ots_aoi_a/ots_aoi_a_r04338_c06446.png,3035,86.0,0.013668,1.0526
/Volumes/Tejas SSD/datasets/s1_chips/ots_aoi_a/ots_aoi_a_r03058_c05422.png,3346,89.0,0.014751,1.0517
/Volumes/Tejas SSD/datasets/s1_chips/ots_aoi_a/ots_aoi_a_r03058_c05934.png,2855,89.0,0.009499,1.0517
/Volumes/Tejas SSD/datasets/s1_chips/ots_aoi_a/ots_aoi_a_r05362_c06958.png,2347,89.0,0.002586,1.0517
/Volumes/Tejas SSD/datasets/s1_chips/ots_aoi_a/ots_aoi_a_r07154_c07726.png,2309,89.0,8e-06,1.0517
/Volumes/Tejas SSD/datasets/s1_chips/ots_aoi_a/ots_aoi_a_r05106_c06958.png,2235,89.0,0.001781,1.0517
/Volumes/Tejas SSD/datasets/s1_chips/ots_aoi_a/ots_aoi_a_r05618_c06446.png,3276,88.0,0.012562,1.0517
/Volumes/Tejas SSD/datasets/s1_chips/ots_aoi_a/ots_aoi_a_r04594_c06702.png,2564,87.0,0.007107,1.0517
/Volumes/Tejas SSD/datasets/s1_chips/ots_aoi_a/ots_aoi_a_r04338_c06958.png,2258,90.0,0.0014,1.0508
/Volumes/Tejas SSD/datasets/s1_chips/ots_aoi_a/ots_aoi_a_r04594_c06958.png,2209,90.0,0.001419,1.0508
/Volumes/Tejas SSD/datasets/s1_chips/ots_aoi_a/ots_aoi_a_r03314_c06958.png,2230,93.0,0.00069,1.05
/Volumes/Tejas SSD/datasets/s1_chips/ots_aoi_a/ots_aoi_a_r08434_c04654.png,2359,91.0,0.000546,1.05
/Volumes/Tejas SSD/datasets/s1_chips/ots_aoi_a/ots_aoi_a_r08690_c05934.png,2249,91.0,0.000111,1.05
/Volumes/Tejas SSD/datasets/s1_chips/ots_aoi_a/ots_aoi_a_r07666_c04142.png,2850,93.0,0.010162,1.0492
/Volumes/Tejas SSD/datasets/s1_chips/ots_aoi_a/ots_aoi_a_r06898_c07214.png,2179,102.0,0.000347,1.0455
/Volumes/Tejas SSD/datasets/s1_chips/ots_aoi_a/ots_aoi_a_r07666_c04398.png,2767,101.0,0.008743,1.0455
/Volumes/Tejas SSD/datasets/s1_chips/ots_aoi_a/ots_aoi_a_r07922_c06702.png,2391,102.0,0.0019,1.0448
/Volumes/Tejas SSD/datasets/s1_chips/ots_aoi_a/ots_aoi_a_r07922_c06446.png,2087,102.0,0.000168,1.0448
/Volumes/Tejas SSD/datasets/s1_chips/ots_aoi_a/ots_aoi_a_r06642_c07726.png,2136,95.6,0.000168,1.0408
/Volumes/Tejas SSD/datasets/s1_chips/ots_aoi_a/ots_aoi_a_r05618_c06190.png,3232,86.0,0.016075,1.0357
/Volumes/Tejas SSD/datasets/s1_chips/ots_aoi_a/ots_aoi_a_r05874_c06446.png,3173,86.0,0.01506,1.0357
/Volumes/Tejas SSD/datasets/s1_chips/ots_aoi_a/ots_aoi_a_r07410_c03374.png,2933,86.0,0.012611,1.0357
/Volumes/Tejas SSD/datasets/s1_chips/ots_aoi_a/ots_aoi_a_r08434_c06958.png,2357,86.0,0.004234,1.0357
/Volumes/Tejas SSD/datasets/s1_chips/ots_aoi_a/ots_aoi_a_r08690_c07982.png,2304,86.0,0.001278,1.0357
/Volumes/Tejas SSD/datasets/s1_chips/ots_aoi_a/ots_aoi_a_r05618_c05166.png,3941,85.0,0.022701,1.0357
/Volumes/Tejas SSD/datasets/s1_chips/ots_aoi_a/ots_aoi_a_r05106_c04910.png,3915,85.0,0.022774,1.0357
/Volumes/Tejas SSD/datasets/s1_chips/ots_aoi_a/ots_aoi_a_r05362_c04910.png,3831,85.0,0.021736,1.0357
/Volumes/Tejas SSD/datasets/s1_chips/ots_aoi_a/ots_aoi_a_r04850_c04654.png,3451,85.0,0.018654,1.0357
/Volumes/Tejas SSD/datasets/s1_chips/ots_aoi_a/ots_aoi_a_r05618_c07726.png,2265,85.0,0.000313,1.0357
/Volumes/Tejas SSD/datasets/s1_chips/ots_aoi_a/ots_aoi_a_r05618_c07470.png,2220,85.0,0.000355,1.0357
/Volumes/Tejas SSD/datasets/s1_chips/ots_aoi_a/ots_aoi_a_r04850_c06446.png,3166,84.0,0.0149,1.0357
/Volumes/Tejas SSD/datasets/s1_chips/ots_aoi_a/ots_aoi_a_r03314_c04654.png,3150,84.0,0.015419,1.0357
/Volumes/Tejas SSD/datasets/s1_chips/ots_aoi_a/ots_aoi_a_r04082_c04654.png,3122,84.0,0.01469,1.0357
/Volumes/Tejas SSD/datasets/s1_chips/ots_aoi_a/ots_aoi_a_r03826_c04910.png,2807,84.0,0.011887,1.0357
/Volumes/Tejas SSD/datasets/s1_chips/ots_aoi_a/ots_aoi_a_r05362_c07726.png,2228,84.0,0.000126,1.0357
/Volumes/Tejas SSD/datasets/s1_chips/ots_aoi_a/ots_aoi_a_r08690_c04142.png,2292,88.0,1.1e-05,1.0351
/Volumes/Tejas SSD/datasets/s1_chips/ots_aoi_a/ots_aoi_a_r05362_c07214.png,2221,88.0,0.000679,1.0351
/Volumes/Tejas SSD/datasets/s1_chips/ots_aoi_a/ots_aoi_a_r03058_c04142.png,4100,87.0,0.021549,1.0351
/Volumes/Tejas SSD/datasets/s1_chips/ots_aoi_a/ots_aoi_a_r07410_c04910.png,3737,87.0,0.019569,1.0351
/Volumes/Tejas SSD/datasets/s1_chips/ots_aoi_a/ots_aoi_a_r07154_c03630.png,3508,87.0,0.018051,1.0351
/Volumes/Tejas SSD/datasets/s1_chips/ots_aoi_a/ots_aoi_a_r06130_c06702.png,3060,87.0,0.013763,1.0351
/Volumes/Tejas SSD/datasets/s1_chips/ots_aoi_a/ots_aoi_a_r03314_c05422.png,3029,87.0,0.013931,1.0351
/Volumes/Tejas SSD/datasets/s1_chips/ots_aoi_a/ots_aoi_a_r04850_c07726.png,2453,87.0,0.000805,1.0351
/Volumes/Tejas SSD/datasets/s1_chips/ots_aoi_a/ots_aoi_a_r04594_c07982.png,2425,87.0,0.000755,1.0351
/Volumes/Tejas SSD/datasets/s1_chips/ots_aoi_a/ots_aoi_a_r03570_c07726.png,2323,87.0,0.0,1.0351
/Volumes/Tejas SSD/datasets/s1_chips/ots_aoi_a/ots_aoi_a_r03826_c06446.png,2269,87.0,0.002125,1.0351
/Volumes/Tejas SSD/datasets/s1_chips/ots_aoi_a/ots_aoi_a_r04338_c07726.png,2242,87.0,1.5e-05,1.0351
/Volumes/Tejas SSD/datasets/s1_chips/ots_aoi_a/ots_aoi_a_r04082_c05934.png,4850,86.0,0.025196,1.0351
/Volumes/Tejas SSD/datasets/s1_chips/ots_aoi_a/ots_aoi_a_r07154_c05934.png,3906,86.0,0.022408,1.0351
/Volumes/Tejas SSD/datasets/s1_chips/ots_aoi_a/ots_aoi_a_r07922_c03374.png,3814,86.0,0.020466,1.0351
/Volumes/Tejas SSD/datasets/s1_chips/ots_aoi_a/ots_aoi_a_r07410_c03118.png,3330,86.0,0.016815,1.0351
/Volumes/Tejas SSD/datasets/s1_chips/ots_aoi_a/ots_aoi_a_r07410_c04398.png,3286,86.0,0.016796,1.0351
/Volumes/Tejas SSD/datasets/s1_chips/ots_aoi_a/ots_aoi_a_r03058_c04654.png,3219,86.0,0.01635,1.0351
/Volumes/Tejas SSD/datasets/s1_chips/ots_aoi_a/ots_aoi_a_r03314_c04398.png,3213,86.0,0.015118,1.0351
/Volumes/Tejas SSD/datasets/s1_chips/ots_aoi_a/ots_aoi_a_r05874_c06702.png,2734,86.0,0.008667,1.0351
/Volumes/Tejas SSD/datasets/s1_chips/ots_aoi_a/ots_aoi_a_r08690_c07726.png,2506,86.0,0.00182,1.0351
/Volumes/Tejas SSD/datasets/s1_chips/ots_aoi_a/ots_aoi_a_r03058_c06702.png,2283,86.0,0.002251,1.0351
/Volumes/Tejas SSD/datasets/s1_chips/ots_aoi_a/ots_aoi_a_r03570_c05422.png,3162,85.0,0.015114,1.0351
/Volumes/Tejas SSD/datasets/s1_chips/ots_aoi_a/ots_aoi_a_r08434_c06702.png,2371,85.0,0.004597,1.0351
/Volumes/Tejas SSD/datasets/s1_chips/ots_aoi_a/ots_aoi_a_r07154_c06190.png,3206,89.0,0.013691,1.0345
/Volumes/Tejas SSD/datasets/s1_chips/ots_aoi_a/ots_aoi_a_r05362_c06446.png,3168,89.0,0.011795,1.0345
/Volumes/Tejas SSD/datasets/s1_chips/ots_aoi_a/ots_aoi_a_r03058_c07982.png,2326,89.0,8.4e-05,1.0345
/Volumes/Tejas SSD/datasets/s1_chips/ots_aoi_a/ots_aoi_a_r07154_c03886.png,3800,88.0,0.019878,1.0345
/Volumes/Tejas SSD/datasets/s1_chips/ots_aoi_a/ots_aoi_a_r07410_c05166.png,3738,88.0,0.019867,1.0345
/Volumes/Tejas SSD/datasets/s1_chips/ots_aoi_a/ots_aoi_a_r07410_c05678.png,3614,88.0,0.019314,1.0345
/Volumes/Tejas SSD/datasets/s1_chips/ots_aoi_a/ots_aoi_a_r03314_c05678.png,3447,88.0,0.017506,1.0345
/Volumes/Tejas SSD/datasets/s1_chips/ots_aoi_a/ots_aoi_a_r04850_c06702.png,2574,88.0,0.00676,1.0345
/Volumes/Tejas SSD/datasets/s1_chips/ots_aoi_a/ots_aoi_a_r03314_c07726.png,2405,88.0,0.000416,1.0345
/Volumes/Tejas SSD/datasets/s1_chips/ots_aoi_a/ots_aoi_a_r03058_c07726.png,2394,88.0,0.000416,1.0345
/Volumes/Tejas SSD/datasets/s1_chips/ots_aoi_a/ots_aoi_a_r06386_c07470.png,2305,88.0,0.001484,1.0345
/Volumes/Tejas SSD/datasets/s1_chips/ots_aoi_a/ots_aoi_a_r04594_c07214.png,2246,88.0,0.000214,1.0345
/Volumes/Tejas SSD/datasets/s1_chips/ots_aoi_a/ots_aoi_a_r07154_c03118.png,3703,87.0,0.019711,1.0345
/Volumes/Tejas SSD/datasets/s1_chips/ots_aoi_a/ots_aoi_a_r06642_c06702.png,3080,87.0,0.013515,1.0345
/Volumes/Tejas SSD/datasets/s1_chips/ots_aoi_a/ots_aoi_a_r08690_c03118.png,2984,87.0,0.012878,1.0345
/Volumes/Tejas SSD/datasets/s1_chips/ots_aoi_a/ots_aoi_a_r04594_c07726.png,2446,87.0,0.000816,1.0345
/Volumes/Tejas SSD/datasets/s1_chips/ots_aoi_a/ots_aoi_a_r08178_c04654.png,2323,87.0,0.000576,1.0345
/Volumes/Tejas SSD/datasets/s1_chips/ots_aoi_a/ots_aoi_a_r04082_c06958.png,2266,87.0,0.001049,1.0345
/Volumes/Tejas SSD/datasets/s1_chips/ots_aoi_a/ots_aoi_a_r07154_c07470.png,2272,92.0,1.1e-05,1.0339
/Volumes/Tejas SSD/datasets/s1_chips/ots_aoi_a/ots_aoi_a_r07410_c05934.png,3080,90.0,0.013012,1.0339
/Volumes/Tejas SSD/datasets/s1_chips/ots_aoi_a/ots_aoi_a_r07154_c07982.png,2321,90.0,0.0,1.0339
/Volumes/Tejas SSD/datasets/s1_chips/ots_aoi_a/ots_aoi_a_r03058_c06958.png,2190,90.0,0.001865,1.0339
/Volumes/Tejas SSD/datasets/s1_chips/ots_aoi_a/ots_aoi_a_r08690_c06446.png,2260,89.0,0.001904,1.0339
/Volumes/Tejas SSD/datasets/s1_chips/ots_aoi_a/ots_aoi_a_r04850_c06958.png,2212,89.0,0.001286,1.0339
/Volumes/Tejas SSD/datasets/s1_chips/ots_aoi_a/ots_aoi_a_r08690_c06702.png,2280,88.0,0.002979,1.0339
/Volumes/Tejas SSD/datasets/s1_chips/ots_aoi_a/ots_aoi_a_r05106_c07214.png,2245,88.0,0.000633,1.0339
/Volumes/Tejas SSD/datasets/s1_chips/ots_aoi_a/ots_aoi_a_r08434_c05678.png,2350,93.0,4e-06,1.0333
/Volumes/Tejas SSD/datasets/s1_chips/ots_aoi_a/ots_aoi_a_r08690_c03374.png,2866,91.0,0.009609,1.0333
/Volumes/Tejas SSD/datasets/s1_chips/ots_aoi_a/ots_aoi_a_r06642_c06958.png,2471,91.0,0.005692,1.0333
/Volumes/Tejas SSD/datasets/s1_chips/ots_aoi_a/ots_aoi_a_r07666_c07214.png,2189,92.0,0.000156,1.0328
/Volumes/Tejas SSD/datasets/s1_chips/ots_aoi_a/ots_aoi_a_r07410_c07214.png,2215,91.0,7.2e-05,1.0328
/Volumes/Tejas SSD/datasets/s1_chips/ots_aoi_a/ots_aoi_a_r08434_c05934.png,2256,95.0,3.8e-05,1.0323
/Volumes/Tejas SSD/datasets/s1_chips/ots_aoi_a/ots_aoi_a_r08434_c03374.png,3353,94.0,0.014225,1.0323
/Volumes/Tejas SSD/datasets/s1_chips/ots_aoi_a/ots_aoi_a_r08178_c03886.png,2498,94.0,0.005295,1.0323
/Volumes/Tejas SSD/datasets/s1_chips/ots_aoi_a/ots_aoi_a_r06898_c06958.png,2262,93.0,0.002556,1.0323
/Volumes/Tejas SSD/datasets/s1_chips/ots_aoi_a/ots_aoi_a_r07666_c07470.png,2193,95.0,0.000187,1.0317
/Volumes/Tejas SSD/datasets/s1_chips/ots_aoi_a/ots_aoi_a_r07410_c06446.png,2426,104.0,0.003437,1.029
/Volumes/Tejas SSD/datasets/s1_chips/ots_aoi_a/ots_aoi_a_r05362_c07982.png,2250,86.0,0.000198,1.0179
/Volumes/Tejas SSD/datasets/s1_chips/ots_aoi_a/ots_aoi_a_r05106_c06190.png,3189,85.0,0.015949,1.0179
/Volumes/Tejas SSD/datasets/s1_chips/ots_aoi_a/ots_aoi_a_r08178_c05422.png,2414,85.0,0.0,1.0179
/Volumes/Tejas SSD/datasets/s1_chips/ots_aoi_a/ots_aoi_a_r04082_c04398.png,4706,84.0,0.027939,1.0179
/Volumes/Tejas SSD/datasets/s1_chips/ots_aoi_a/ots_aoi_a_r05362_c05678.png,4080,84.0,0.025043,1.0179
/Volumes/Tejas SSD/datasets/s1_chips/ots_aoi_a/ots_aoi_a_r04338_c05166.png,3650,84.0,0.020714,1.0179
/Volumes/Tejas SSD/datasets/s1_chips/ots_aoi_a/ots_aoi_a_r04082_c04910.png,2958,83.0,0.013786,1.0179
/Volumes/Tejas SSD/datasets/s1_chips/ots_aoi_a/ots_aoi_a_r04594_c07470.png,2265,87.0,8.8e-05,1.0175
/Volumes/Tejas SSD/datasets/s1_chips/ots_aoi_a/ots_aoi_a_r05618_c05934.png,3875,86.0,0.022358,1.0175
/Volumes/Tejas SSD/datasets/s1_chips/ots_aoi_a/ots_aoi_a_r05106_c04654.png,3561,86.0,0.019711,1.0175
/Volumes/Tejas SSD/datasets/s1_chips/ots_aoi_a/ots_aoi_a_r06898_c06446.png,2958,86.0,0.012207,1.0175
/Volumes/Tejas SSD/datasets/s1_chips/ots_aoi_a/ots_aoi_a_r03314_c04910.png,2902,86.0,0.012455,1.0175
/Volumes/Tejas SSD/datasets/s1_chips/ots_aoi_a/ots_aoi_a_r03058_c04910.png,2892,86.0,0.012432,1.0175
/Volumes/Tejas SSD/datasets/s1_chips/ots_aoi_a/ots_aoi_a_r03570_c04910.png,2811,86.0,0.011799,1.0175
/Volumes/Tejas SSD/datasets/s1_chips/ots_aoi_a/ots_aoi_a_r03570_c05166.png,2703,86.0,0.010323,1.0175
/Volumes/Tejas SSD/datasets/s1_chips/ots_aoi_a/ots_aoi_a_r08178_c07470.png,2322,86.0,0.002934,1.0175
/Volumes/Tejas SSD/datasets/s1_chips/ots_aoi_a/ots_aoi_a_r06130_c07470.png,2278,86.0,0.00103,1.0175
/Volumes/Tejas SSD/datasets/s1_chips/ots_aoi_a/ots_aoi_a_r05618_c07982.png,2268,86.0,0.000259,1.0175
/Volumes/Tejas SSD/datasets/s1_chips/ots_aoi_a/ots_aoi_a_r05874_c07982.png,2265,86.0,0.000362,1.0175
/Volumes/Tejas SSD/datasets/s1_chips/ots_aoi_a/ots_aoi_a_r05874_c07470.png,2250,86.0,0.00071,1.0175
/Volumes/Tejas SSD/datasets/s1_chips/ots_aoi_a/ots_aoi_a_r04594_c04654.png,4121,85.0,0.024071,1.0175
/Volumes/Tejas SSD/datasets/s1_chips/ots_aoi_a/ots_aoi_a_r04338_c04654.png,4013,85.0,0.022766,1.0175
/Volumes/Tejas SSD/datasets/s1_chips/ots_aoi_a/ots_aoi_a_r04850_c06190.png,3971,85.0,0.022789,1.0175
/Volumes/Tejas SSD/datasets/s1_chips/ots_aoi_a/ots_aoi_a_r05874_c06190.png,3825,85.0,0.022591,1.0175
/Volumes/Tejas SSD/datasets/s1_chips/ots_aoi_a/ots_aoi_a_r06130_c06446.png,3791,85.0,0.021889,1.0175
/Volumes/Tejas SSD/datasets/s1_chips/ots_aoi_a/ots_aoi_a_r04850_c04910.png,3575,85.0,0.019558,1.0175
/Volumes/Tejas SSD/datasets/s1_chips/ots_aoi_a/ots_aoi_a_r04594_c04910.png,3566,85.0,0.019035,1.0175
/Volumes/Tejas SSD/datasets/s1_chips/ots_aoi_a/ots_aoi_a_r05106_c06446.png,2946,84.0,0.01252,1.0175
/Volumes/Tejas SSD/datasets/s1_chips/ots_aoi_a/ots_aoi_a_r03570_c04654.png,2881,84.0,0.012375,1.0175
/Volumes/Tejas SSD/datasets/s1_chips/ots_aoi_a/ots_aoi_a_r06386_c07214.png,2336,84.0,0.003342,1.0175
/Volumes/Tejas SSD/datasets/s1_chips/ots_aoi_a/ots_aoi_a_r04082_c06702.png,2364,88.0,0.003143,1.0172
/Volumes/Tejas SSD/datasets/s1_chips/ots_aoi_a/ots_aoi_a_r04338_c07470.png,2258,88.0,3.8e-05,1.0172
/Volumes/Tejas SSD/datasets/s1_chips/ots_aoi_a/ots_aoi_a_r07410_c05422.png,3600,87.0,0.020229,1.0172
/Volumes/Tejas SSD/datasets/s1_chips/ots_aoi_a/ots_aoi_a_r07410_c04142.png,3327,87.0,0.015923,1.0172
/Volumes/Tejas SSD/datasets/s1_chips/ots_aoi_a/ots_aoi_a_r03570_c05678.png,3255,87.0,0.016518,1.0172
/Volumes/Tejas SSD/datasets/s1_chips/ots_aoi_a/ots_aoi_a_r07154_c03374.png,3131,87.0,0.015091,1.0172
/Volumes/Tejas SSD/datasets/s1_chips/ots_aoi_a/ots_aoi_a_r07410_c03886.png,3091,87.0,0.013191,1.0172
/Volumes/Tejas SSD/datasets/s1_chips/ots_aoi_a/ots_aoi_a_r08434_c07726.png,2554,87.0,0.002914,1.0172
/Volumes/Tejas SSD/datasets/s1_chips/ots_aoi_a/ots_aoi_a_r06130_c06958.png,2464,87.0,0.005882,1.0172
/Volumes/Tejas SSD/datasets/s1_chips/ots_aoi_a/ots_aoi_a_r03570_c06190.png,2302,87.0,0.002766,1.0172
/Volumes/Tejas SSD/datasets/s1_chips/ots_aoi_a/ots_aoi_a_r07666_c03118.png,4065,86.0,0.022461,1.0172
/Volumes/Tejas SSD/datasets/s1_chips/ots_aoi_a/ots_aoi_a_r05874_c06958.png,2329,86.0,0.003422,1.0172
/Volumes/Tejas SSD/datasets/s1_chips/ots_aoi_a/ots_aoi_a_r03826_c07726.png,2305,86.0,4e-06,1.0172
/Volumes/Tejas SSD/datasets/s1_chips/ots_aoi_a/ots_aoi_a_r03826_c06958.png,2261,86.0,0.000637,1.0172
/Volumes/Tejas SSD/datasets/s1_chips/ots_aoi_a/ots_aoi_a_r07410_c04654.png,3427,85.0,0.017887,1.0172
/Volumes/Tejas SSD/datasets/s1_chips/ots_aoi_a/ots_aoi_a_r04850_c07214.png,2234,89.0,0.000343,1.0169
/Volumes/Tejas SSD/datasets/s1_chips/ots_aoi_a/ots_aoi_a_r07666_c03886.png,2995,88.0,0.01228,1.0169
/Volumes/Tejas SSD/datasets/s1_chips/ots_aoi_a/ots_aoi_a_r04338_c06702.png,2521,88.0,0.006104,1.0169
/Volumes/Tejas SSD/datasets/s1_chips/ots_aoi_a/ots_aoi_a_r03570_c06958.png,2266,88.0,0.000214,1.0169
/Volumes/Tejas SSD/datasets/s1_chips/ots_aoi_a/ots_aoi_a_r08434_c06446.png,2268,87.0,0.002872,1.0169
/Volumes/Tejas SSD/datasets/s1_chips/ots_aoi_a/ots_aoi_a_r07922_c07470.png,2248,91.0,0.001415,1.0164
/Volumes/Tejas SSD/datasets/s1_chips/ots_aoi_a/ots_aoi_a_r08178_c06702.png,2262,90.0,0.00259,1.0164
/Volumes/Tejas SSD/datasets/s1_chips/ots_aoi_a/ots_aoi_a_r07922_c07726.png,2228,93.0,0.00135,1.0161
/Volumes/Tejas SSD/datasets/s1_chips/ots_aoi_a/ots_aoi_a_r07922_c04910.png,1979,101.0,0.000137,1.0149
/Volumes/Tejas SSD/datasets/s1_chips/ots_aoi_a/ots_aoi_a_r07666_c06190.png,1999,112.0,0.001289,1.0
/Volumes/Tejas SSD/datasets/s1_chips/ots_aoi_a/ots_aoi_a_r07666_c04654.png,2452,99.0,0.006783,1.0
/Volumes/Tejas SSD/datasets/s1_chips/ots_aoi_a/ots_aoi_a_r06642_c07470.png,2113,98.0,0.001015,1.0
/Volumes/Tejas SSD/datasets/s1_chips/ots_aoi_a/ots_aoi_a_r07154_c06958.png,2149,97.0,0.001144,1.0
/Volumes/Tejas SSD/datasets/s1_chips/ots_aoi_a/ots_aoi_a_r08178_c06446.png,2166,96.0,0.001442,1.0
/Volumes/Tejas SSD/datasets/s1_chips/ots_aoi_a/ots_aoi_a_r08178_c04910.png,2128,94.0,4.2e-05,1.0
/Volumes/Tejas SSD/datasets/s1_chips/ots_aoi_a/ots_aoi_a_r07154_c06446.png,2745,93.0,0.007969,1.0
/Volumes/Tejas SSD/datasets/s1_chips/ots_aoi_a/ots_aoi_a_r07922_c07982.png,2221,93.0,0.000546,1.0
/Volumes/Tejas SSD/datasets/s1_chips/ots_aoi_a/ots_aoi_a_r06642_c07982.png,2201,93.0,4e-06,1.0
/Volumes/Tejas SSD/datasets/s1_chips/ots_aoi_a/ots_aoi_a_r08434_c06190.png,2143,93.0,0.000717,1.0
/Volumes/Tejas SSD/datasets/s1_chips/ots_aoi_a/ots_aoi_a_r07410_c07470.png,2296,90.0,1.1e-05,1.0
/Volumes/Tejas SSD/datasets/s1_chips/ots_aoi_a/ots_aoi_a_r03314_c07982.png,2270,89.0,8.4e-05,1.0
/Volumes/Tejas SSD/datasets/s1_chips/ots_aoi_a/ots_aoi_a_r04082_c07982.png,2248,89.0,1.9e-05,1.0
/Volumes/Tejas SSD/datasets/s1_chips/ots_aoi_a/ots_aoi_a_r06386_c07982.png,2227,89.0,0.000153,1.0
/Volumes/Tejas SSD/datasets/s1_chips/ots_aoi_a/ots_aoi_a_r08690_c07214.png,2153,89.0,0.001118,1.0
/Volumes/Tejas SSD/datasets/s1_chips/ots_aoi_a/ots_aoi_a_r06898_c07982.png,2352,88.0,0.0,1.0
/Volumes/Tejas SSD/datasets/s1_chips/ots_aoi_a/ots_aoi_a_r08434_c04910.png,2307,88.0,1.1e-05,1.0
/Volumes/Tejas SSD/datasets/s1_chips/ots_aoi_a/ots_aoi_a_r03570_c07214.png,2237,88.0,5e-05,1.0
/Volumes/Tejas SSD/datasets/s1_chips/ots_aoi_a/ots_aoi_a_r04338_c07982.png,2231,88.0,2.7e-05,1.0
/Volumes/Tejas SSD/datasets/s1_chips/ots_aoi_a/ots_aoi_a_r08178_c03374.png,3841,87.0,0.020813,1.0
/Volumes/Tejas SSD/datasets/s1_chips/ots_aoi_a/ots_aoi_a_r08178_c07214.png,2284,87.0,0.002918,1.0
/Volumes/Tejas SSD/datasets/s1_chips/ots_aoi_a/ots_aoi_a_r08690_c06958.png,2242,87.0,0.002235,1.0
/Volumes/Tejas SSD/datasets/s1_chips/ots_aoi_a/ots_aoi_a_r03314_c04142.png,4065,86.0,0.022186,1.0
/Volumes/Tejas SSD/datasets/s1_chips/ots_aoi_a/ots_aoi_a_r06898_c06190.png,3568,86.0,0.019318,1.0
/Volumes/Tejas SSD/datasets/s1_chips/ots_aoi_a/ots_aoi_a_r06642_c06446.png,3490,86.0,0.018883,1.0
/Volumes/Tejas SSD/datasets/s1_chips/ots_aoi_a/ots_aoi_a_r03826_c05678.png,3467,86.0,0.018425,1.0
/Volumes/Tejas SSD/datasets/s1_chips/ots_aoi_a/ots_aoi_a_r04594_c06446.png,3319,86.0,0.016876,1.0
/Volumes/Tejas SSD/datasets/s1_chips/ots_aoi_a/ots_aoi_a_r06898_c06702.png,2590,86.0,0.006832,1.0
/Volumes/Tejas SSD/datasets/s1_chips/ots_aoi_a/ots_aoi_a_r05106_c06702.png,2563,86.0,0.006714,1.0
/Volumes/Tejas SSD/datasets/s1_chips/ots_aoi_a/ots_aoi_a_r04082_c06446.png,2467,86.0,0.006294,1.0
/Volumes/Tejas SSD/datasets/s1_chips/ots_aoi_a/ots_aoi_a_r08690_c04398.png,2296,86.0,0.0,1.0
/Volumes/Tejas SSD/datasets/s1_chips/ots_aoi_a/ots_aoi_a_r03826_c06702.png,2268,86.0,0.001259,1.0
/Volumes/Tejas SSD/datasets/s1_chips/ots_aoi_a/ots_aoi_a_r04082_c07214.png,2250,86.0,0.000175,1.0
/Volumes/Tejas SSD/datasets/s1_chips/ots_aoi_a/ots_aoi_a_r05106_c05934.png,3792,85.0,0.021873,1.0
/Volumes/Tejas SSD/datasets/s1_chips/ots_aoi_a/ots_aoi_a_r04082_c05422.png,3617,85.0,0.020348,1.0
/Volumes/Tejas SSD/datasets/s1_chips/ots_aoi_a/ots_aoi_a_r03058_c05166.png,2597,85.0,0.008701,1.0
/Volumes/Tejas SSD/datasets/s1_chips/ots_aoi_a/ots_aoi_a_r03314_c05166.png,2580,85.0,0.008888,1.0
/Volumes/Tejas SSD/datasets/s1_chips/ots_aoi_a/ots_aoi_a_r06130_c07726.png,2257,85.0,0.000587,1.0
/Volumes/Tejas SSD/datasets/s1_chips/ots_aoi_a/ots_aoi_a_r04594_c05166.png,3910,84.0,0.023029,1.0
/Volumes/Tejas SSD/datasets/s1_chips/ots_aoi_a/ots_aoi_a_r04338_c04910.png,3428,84.0,0.018005,1.0
/Volumes/Tejas SSD/datasets/s1_chips/ots_aoi_a/ots_aoi_a_r04082_c05166.png,3097,84.0,0.015419,1.0
/Volumes/Tejas SSD/datasets/s1_chips/ots_aoi_a/ots_aoi_a_r05874_c07726.png,2281,84.0,0.000618,1.0
/Volumes/Tejas SSD/datasets/s1_chips/ots_aoi_a/ots_aoi_a_r05362_c04654.png,4414,83.0,0.026768,1.0
/Volumes/Tejas SSD/datasets/s1_chips/ots_aoi_a/ots_aoi_a_r05362_c05166.png,4254,83.0,0.025661,1.0
/Volumes/Tejas SSD/datasets/s1_chips/ots_aoi_a/ots_aoi_a_r07154_c04654.png,4141,83.0,0.02552,1.0
/Volumes/Tejas SSD/datasets/s1_chips/ots_aoi_a/ots_aoi_a_r07666_c05934.png,2258,105.0,0.004307,0.9861
/Volumes/Tejas SSD/datasets/s1_chips/ots_aoi_a/ots_aoi_a_r07154_c06702.png,2209,93.0,0.002953,0.9844
/Volumes/Tejas SSD/datasets/s1_chips/ots_aoi_a/ots_aoi_a_r08690_c04654.png,2267,87.0,0.0,0.9831
/Volumes/Tejas SSD/datasets/s1_chips/ots_aoi_a/ots_aoi_a_r08434_c07982.png,2327,86.0,0.001282,0.9831
/Volumes/Tejas SSD/datasets/s1_chips/ots_aoi_a/ots_aoi_a_r05874_c07214.png,2263,86.0,0.00124,0.9831
/Volumes/Tejas SSD/datasets/s1_chips/ots_aoi_a/ots_aoi_a_r06130_c07214.png,2295,85.0,0.002377,0.9831
/Volumes/Tejas SSD/datasets/s1_chips/ots_aoi_a/ots_aoi_a_r03570_c06702.png,2232,85.0,0.000332,0.9831
/Volumes/Tejas SSD/datasets/s1_chips/ots_aoi_a/ots_aoi_a_r06130_c07982.png,2228,85.0,0.000389,0.9831
/Volumes/Tejas SSD/datasets/s1_chips/ots_aoi_a/ots_aoi_a_r05362_c05934.png,3387,85.0,0.018097,0.9828
/Volumes/Tejas SSD/datasets/s1_chips/ots_aoi_a/ots_aoi_a_r06898_c04142.png,4223,84.0,0.025768,0.9825
/Volumes/Tejas SSD/datasets/s1_chips/ots_aoi_a/ots_aoi_a_r04594_c06190.png,4482,83.0,0.026733,0.9825
/Volumes/Tejas SSD/datasets/s1_chips/ots_aoi_a/ots_aoi_a_r06642_c06190.png,4052,83.0,0.024399,0.9825
/Volumes/Tejas SSD/datasets/s1_chips/ots_aoi_a/ots_aoi_a_r06386_c06446.png,4043,83.0,0.024551,0.9825
/Volumes/Tejas SSD/datasets/s1_chips/ots_aoi_a/ots_aoi_a_r06898_c03886.png,4597,82.0,0.028225,0.9825
/Volumes/Tejas SSD/datasets/s1_chips/ots_aoi_a/ots_aoi_a_r04338_c05422.png,4326,82.0,0.026653,0.9825
/Volumes/Tejas SSD/datasets/s1_chips/ots_aoi_a/ots_aoi_a_r04594_c05678.png,4717,82.0,0.029743,0.9821
/Volumes/Tejas SSD/datasets/s1_chips/ots_aoi_a/ots_aoi_a_r05106_c05422.png,4535,82.0,0.029083,0.9821
/Volumes/Tejas SSD/datasets/s1_chips/ots_aoi_a/ots_aoi_a_r05106_c05678.png,4489,82.0,0.028404,0.9821
/Volumes/Tejas SSD/datasets/s1_chips/ots_aoi_a/ots_aoi_a_r04594_c05422.png,4458,82.0,0.027706,0.9821
/Volumes/Tejas SSD/datasets/s1_chips/ots_aoi_a/ots_aoi_a_r04850_c05678.png,4430,82.0,0.028061,0.9821
/Volumes/Tejas SSD/datasets/s1_chips/ots_aoi_a/ots_aoi_a_r04850_c05422.png,4388,82.0,0.027523,0.9821
/Volumes/Tejas SSD/datasets/s1_chips/ots_aoi_a/ots_aoi_a_r05618_c05678.png,4371,82.0,0.02747,0.9821
/Volumes/Tejas SSD/datasets/s1_chips/ots_aoi_a/ots_aoi_a_r05106_c05166.png,4367,82.0,0.027138,0.9821
/Volumes/Tejas SSD/datasets/s1_chips/ots_aoi_a/ots_aoi_a_r05362_c05422.png,4357,82.0,0.027561,0.9821
/Volumes/Tejas SSD/datasets/s1_chips/ots_aoi_a/ots_aoi_a_r07154_c05166.png,4853,80.0,0.030579,0.9818
/Volumes/Tejas SSD/datasets/s1_chips/ots_aoi_a/ots_aoi_a_r08434_c03118.png,4497,88.0,0.024261,0.9672
/Volumes/Tejas SSD/datasets/s1_chips/ots_aoi_a/ots_aoi_a_r08434_c05422.png,2352,87.0,0.0,0.9667
/Volumes/Tejas SSD/datasets/s1_chips/ots_aoi_a/ots_aoi_a_r04082_c07726.png,2259,87.0,4e-06,0.9667
/Volumes/Tejas SSD/datasets/s1_chips/ots_aoi_a/ots_aoi_a_r04850_c05166.png,4064,83.0,0.024334,0.9655
/Volumes/Tejas SSD/datasets/s1_chips/ots_aoi_a/ots_aoi_a_r06898_c03118.png,4754,83.0,0.028915,0.9649
/Volumes/Tejas SSD/datasets/s1_chips/ots_aoi_a/ots_aoi_a_r04850_c04398.png,4839,82.0,0.029514,0.9649
/Volumes/Tejas SSD/datasets/s1_chips/ots_aoi_a/ots_aoi_a_r05106_c04398.png,4710,82.0,0.029057,0.9649
/Volumes/Tejas SSD/datasets/s1_chips/ots_aoi_a/ots_aoi_a_r07922_c03118.png,5613,81.0,0.032463,0.9649
/Volumes/Tejas SSD/datasets/s1_chips/ots_aoi_a/ots_aoi_a_r04594_c05934.png,5032,81.0,0.031166,0.9643
/Volumes/Tejas SSD/datasets/s1_chips/ots_aoi_a/ots_aoi_a_r06386_c06190.png,4581,81.0,0.028988,0.9643
/Volumes/Tejas SSD/datasets/s1_chips/ots_aoi_a/ots_aoi_a_r06130_c06190.png,4424,81.0,0.027939,0.9643
/Volumes/Tejas SSD/datasets/s1_chips/ots_aoi_a/ots_aoi_a_r06642_c07214.png,2120,94.0,0.002087,0.9545
/Volumes/Tejas SSD/datasets/s1_chips/ots_aoi_a/ots_aoi_a_r04082_c05678.png,5235,84.0,0.029858,0.9483
/Volumes/Tejas SSD/datasets/s1_chips/ots_aoi_a/ots_aoi_a_r03570_c04142.png,4958,84.0,0.029541,0.9483
/Volumes/Tejas SSD/datasets/s1_chips/ots_aoi_a/ots_aoi_a_r04338_c05934.png,5598,82.0,0.032036,0.9483
/Volumes/Tejas SSD/datasets/s1_chips/ots_aoi_a/ots_aoi_a_r04850_c05934.png,4493,82.0,0.027809,0.9483
/Volumes/Tejas SSD/datasets/s1_chips/ots_aoi_a/ots_aoi_a_r06898_c05934.png,4268,82.0,0.026718,0.9483
/Volumes/Tejas SSD/datasets/s1_chips/ots_aoi_a/ots_aoi_a_r05618_c05422.png,4572,82.0,0.029205,0.9474
/Volumes/Tejas SSD/datasets/s1_chips/ots_aoi_a/ots_aoi_a_r05874_c05166.png,4555,82.0,0.028111,0.9474
/Volumes/Tejas SSD/datasets/s1_chips/ots_aoi_a/ots_aoi_a_r06898_c03630.png,5241,81.0,0.033211,0.9474
/Volumes/Tejas SSD/datasets/s1_chips/ots_aoi_a/ots_aoi_a_r03058_c03886.png,5629,80.0,0.034264,0.9474
/Volumes/Tejas SSD/datasets/s1_chips/ots_aoi_a/ots_aoi_a_r07666_c04910.png,2371,105.0,0.006985,0.9333
/Volumes/Tejas SSD/datasets/s1_chips/ots_aoi_a/ots_aoi_a_r06898_c03374.png,4852,83.0,0.029686,0.9322
/Volumes/Tejas SSD/datasets/s1_chips/ots_aoi_a/ots_aoi_a_r07154_c04910.png,4554,83.0,0.027744,0.931
/Volumes/Tejas SSD/datasets/s1_chips/ots_aoi_a/ots_aoi_a_r05618_c04654.png,5200,81.0,0.033066,0.9298
/Volumes/Tejas SSD/datasets/s1_chips/ots_aoi_a/ots_aoi_a_r05874_c04910.png,5187,81.0,0.032757,0.9298
/Volumes/Tejas SSD/datasets/s1_chips/ots_aoi_a/ots_aoi_a_r07154_c05678.png,4820,81.0,0.031357,0.9298
/Volumes/Tejas SSD/datasets/s1_chips/ots_aoi_a/ots_aoi_a_r05874_c05934.png,4728,81.0,0.029823,0.9298
/Volumes/Tejas SSD/datasets/s1_chips/ots_aoi_a/ots_aoi_a_r06898_c04398.png,4941,80.0,0.032238,0.9298
/Volumes/Tejas SSD/datasets/s1_chips/ots_aoi_a/ots_aoi_a_r06642_c05934.png,4629,79.0,0.029804,0.9298
/Volumes/Tejas SSD/datasets/s1_chips/ots_aoi_a/ots_aoi_a_r05874_c05422.png,5236,78.0,0.034508,0.9286
/Volumes/Tejas SSD/datasets/s1_chips/ots_aoi_a/ots_aoi_a_r04338_c05678.png,5881,81.0,0.035244,0.9138
/Volumes/Tejas SSD/datasets/s1_chips/ots_aoi_a/ots_aoi_a_r07154_c05422.png,4927,80.0,0.032623,0.9123
/Volumes/Tejas SSD/datasets/s1_chips/ots_aoi_a/ots_aoi_a_r08178_c03118.png,6324,79.0,0.037384,0.8966
/Volumes/Tejas SSD/datasets/s1_chips/ots_aoi_a/ots_aoi_a_r06130_c05934.png,5266,79.0,0.034962,0.8947
/Volumes/Tejas SSD/datasets/s1_chips/ots_aoi_a/ots_aoi_a_r05874_c05678.png,5440,78.0,0.035763,0.8947
/Volumes/Tejas SSD/datasets/s1_chips/ots_aoi_a/ots_aoi_a_r06898_c05678.png,5381,78.0,0.03616,0.8947
/Volumes/Tejas SSD/datasets/s1_chips/ots_aoi_a/ots_aoi_a_r06386_c05934.png,5252,77.0,0.035034,0.8947
/Volumes/Tejas SSD/datasets/s1_chips/ots_aoi_a/ots_aoi_a_r06642_c04142.png,6350,77.0,0.040993,0.8929
/Volumes/Tejas SSD/datasets/s1_chips/ots_aoi_a/ots_aoi_a_r06642_c05678.png,5677,77.0,0.037849,0.8929
/Volumes/Tejas SSD/datasets/s1_chips/ots_aoi_a/ots_aoi_a_r06898_c05422.png,5829,76.0,0.039013,0.8929
/Volumes/Tejas SSD/datasets/s1_chips/ots_aoi_a/ots_aoi_a_r03058_c03374.png,5537,79.0,0.036865,0.8793
/Volumes/Tejas SSD/datasets/s1_chips/ots_aoi_a/ots_aoi_a_r06898_c04654.png,5275,79.0,0.03492,0.8793
/Volumes/Tejas SSD/datasets/s1_chips/ots_aoi_a/ots_aoi_a_r06898_c04910.png,5825,78.0,0.037094,0.8793
/Volumes/Tejas SSD/datasets/s1_chips/ots_aoi_a/ots_aoi_a_r03058_c03630.png,5538,78.0,0.036762,0.8793
/Volumes/Tejas SSD/datasets/s1_chips/ots_aoi_a/ots_aoi_a_r06898_c05166.png,5965,78.0,0.03791,0.8772
/Volumes/Tejas SSD/datasets/s1_chips/ots_aoi_a/ots_aoi_a_r04594_c04398.png,6260,77.0,0.040676,0.8772
/Volumes/Tejas SSD/datasets/s1_chips/ots_aoi_a/ots_aoi_a_r05362_c04398.png,6030,77.0,0.040005,0.8772
/Volumes/Tejas SSD/datasets/s1_chips/ots_aoi_a/ots_aoi_a_r07666_c05678.png,2257,106.0,0.00679,0.875
/Volumes/Tejas SSD/datasets/s1_chips/ots_aoi_a/ots_aoi_a_r06642_c04654.png,6137,75.0,0.041786,0.875
/Volumes/Tejas SSD/datasets/s1_chips/ots_aoi_a/ots_aoi_a_r06130_c05678.png,6062,75.0,0.041145,0.875
/Volumes/Tejas SSD/datasets/s1_chips/ots_aoi_a/ots_aoi_a_r06386_c05678.png,6036,75.0,0.040981,0.875
/Volumes/Tejas SSD/datasets/s1_chips/ots_aoi_a/ots_aoi_a_r06386_c05422.png,6448,74.0,0.044212,0.8727
/Volumes/Tejas SSD/datasets/s1_chips/ots_aoi_a/ots_aoi_a_r04338_c04398.png,5776,79.0,0.037434,0.8644
/Volumes/Tejas SSD/datasets/s1_chips/ots_aoi_a/ots_aoi_a_r03314_c03886.png,6441,78.0,0.040833,0.8621
/Volumes/Tejas SSD/datasets/s1_chips/ots_aoi_a/ots_aoi_a_r03826_c04142.png,6515,77.0,0.041489,0.8621
/Volumes/Tejas SSD/datasets/s1_chips/ots_aoi_a/ots_aoi_a_r03314_c03630.png,6926,76.0,0.045643,0.8596
/Volumes/Tejas SSD/datasets/s1_chips/ots_aoi_a/ots_aoi_a_r07666_c05422.png,2065,112.0,0.006458,0.8588
/Volumes/Tejas SSD/datasets/s1_chips/ots_aoi_a/ots_aoi_a_r06130_c05166.png,6256,76.0,0.042171,0.8571
/Volumes/Tejas SSD/datasets/s1_chips/ots_aoi_a/ots_aoi_a_r06386_c04654.png,6380,75.0,0.043816,0.8571
/Volumes/Tejas SSD/datasets/s1_chips/ots_aoi_a/ots_aoi_a_r06642_c05166.png,6894,74.0,0.044994,0.8571
/Volumes/Tejas SSD/datasets/s1_chips/ots_aoi_a/ots_aoi_a_r07666_c05166.png,2189,111.0,0.006454,0.8471
/Volumes/Tejas SSD/datasets/s1_chips/ots_aoi_a/ots_aoi_a_r03314_c03374.png,6511,77.0,0.042377,0.8448
/Volumes/Tejas SSD/datasets/s1_chips/ots_aoi_a/ots_aoi_a_r05874_c04654.png,6169,77.0,0.041214,0.8448
/Volumes/Tejas SSD/datasets/s1_chips/ots_aoi_a/ots_aoi_a_r06386_c04398.png,7189,75.0,0.04731,0.8421
/Volumes/Tejas SSD/datasets/s1_chips/ots_aoi_a/ots_aoi_a_r06130_c04398.png,6864,75.0,0.045982,0.8421
/Volumes/Tejas SSD/datasets/s1_chips/ots_aoi_a/ots_aoi_a_r04082_c04142.png,6845,75.0,0.044674,0.8421
/Volumes/Tejas SSD/datasets/s1_chips/ots_aoi_a/ots_aoi_a_r05874_c04398.png,6742,75.0,0.045181,0.8421
/Volumes/Tejas SSD/datasets/s1_chips/ots_aoi_a/ots_aoi_a_r05618_c04398.png,6703,75.0,0.045109,0.8421
/Volumes/Tejas SSD/datasets/s1_chips/ots_aoi_a/ots_aoi_a_r06642_c04398.png,6597,75.0,0.043873,0.8421
/Volumes/Tejas SSD/datasets/s1_chips/ots_aoi_a/ots_aoi_a_r06386_c05166.png,7114,72.0,0.048573,0.8364
/Volumes/Tejas SSD/datasets/s1_chips/ots_aoi_a/ots_aoi_a_r06642_c03886.png,6564,76.0,0.04319,0.8276
/Volumes/Tejas SSD/datasets/s1_chips/ots_aoi_a/ots_aoi_a_r06642_c05422.png,6295,75.0,0.042542,0.8276
/Volumes/Tejas SSD/datasets/s1_chips/ots_aoi_a/ots_aoi_a_r06130_c05422.png,6038,75.0,0.040985,0.8276
/Volumes/Tejas SSD/datasets/s1_chips/ots_aoi_a/ots_aoi_a_r06130_c04654.png,6723,75.0,0.046246,0.8246
/Volumes/Tejas SSD/datasets/s1_chips/ots_aoi_a/ots_aoi_a_r06130_c04910.png,7061,74.0,0.048256,0.8246
/Volumes/Tejas SSD/datasets/s1_chips/ots_aoi_a/ots_aoi_a_r06642_c04910.png,6932,74.0,0.045769,0.8246
/Volumes/Tejas SSD/datasets/s1_chips/ots_aoi_a/ots_aoi_a_r03314_c03118.png,8153,73.0,0.053421,0.8214
/Volumes/Tejas SSD/datasets/s1_chips/ots_aoi_a/ots_aoi_a_r03570_c03886.png,7723,74.0,0.050304,0.807
/Volumes/Tejas SSD/datasets/s1_chips/ots_aoi_a/ots_aoi_a_r03570_c03630.png,7673,74.0,0.051037,0.807
/Volumes/Tejas SSD/datasets/s1_chips/ots_aoi_a/ots_aoi_a_r06386_c04142.png,7865,73.0,0.051018,0.807
/Volumes/Tejas SSD/datasets/s1_chips/ots_aoi_a/ots_aoi_a_r05618_c04142.png,7413,73.0,0.050144,0.807
/Volumes/Tejas SSD/datasets/s1_chips/ots_aoi_a/ots_aoi_a_r05874_c04142.png,7310,73.0,0.049187,0.807
/Volumes/Tejas SSD/datasets/s1_chips/ots_aoi_a/ots_aoi_a_r03826_c03630.png,8381,72.0,0.055069,0.8036
/Volumes/Tejas SSD/datasets/s1_chips/ots_aoi_a/ots_aoi_a_r03826_c03886.png,8184,72.0,0.05439,0.8036
/Volumes/Tejas SSD/datasets/s1_chips/ots_aoi_a/ots_aoi_a_r04082_c03886.png,8314,71.0,0.055435,0.8036
/Volumes/Tejas SSD/datasets/s1_chips/ots_aoi_a/ots_aoi_a_r03570_c03374.png,7609,74.0,0.050537,0.7931
/Volumes/Tejas SSD/datasets/s1_chips/ots_aoi_a/ots_aoi_a_r06642_c03118.png,8699,73.0,0.055992,0.7895
/Volumes/Tejas SSD/datasets/s1_chips/ots_aoi_a/ots_aoi_a_r05106_c04142.png,8150,73.0,0.053593,0.7895
/Volumes/Tejas SSD/datasets/s1_chips/ots_aoi_a/ots_aoi_a_r03058_c03118.png,7849,73.0,0.052521,0.7895
/Volumes/Tejas SSD/datasets/s1_chips/ots_aoi_a/ots_aoi_a_r06130_c04142.png,7696,73.0,0.051064,0.7895
/Volumes/Tejas SSD/datasets/s1_chips/ots_aoi_a/ots_aoi_a_r06386_c04910.png,7266,72.0,0.049858,0.7895
/Volumes/Tejas SSD/datasets/s1_chips/ots_aoi_a/ots_aoi_a_r04850_c04142.png,8101,73.0,0.053577,0.7759
/Volumes/Tejas SSD/datasets/s1_chips/ots_aoi_a/ots_aoi_a_r06642_c03630.png,7984,72.0,0.053963,0.7759
/Volumes/Tejas SSD/datasets/s1_chips/ots_aoi_a/ots_aoi_a_r04338_c04142.png,8377,71.0,0.055569,0.7719
/Volumes/Tejas SSD/datasets/s1_chips/ots_aoi_a/ots_aoi_a_r05362_c04142.png,8089,71.0,0.054134,0.7719
/Volumes/Tejas SSD/datasets/s1_chips/ots_aoi_a/ots_aoi_a_r06642_c03374.png,8808,72.0,0.057747,0.7586
/Volumes/Tejas SSD/datasets/s1_chips/ots_aoi_a/ots_aoi_a_r03570_c03118.png,8487,71.0,0.056259,0.7586
/Volumes/Tejas SSD/datasets/s1_chips/ots_aoi_a/ots_aoi_a_r06386_c03886.png,8608,71.0,0.057526,0.7544
/Volumes/Tejas SSD/datasets/s1_chips/ots_aoi_a/ots_aoi_a_r05362_c03886.png,9120,70.0,0.060646,0.7544
/Volumes/Tejas SSD/datasets/s1_chips/ots_aoi_a/ots_aoi_a_r05874_c03886.png,9053,70.0,0.061226,0.7544
/Volumes/Tejas SSD/datasets/s1_chips/ots_aoi_a/ots_aoi_a_r05618_c03886.png,8983,70.0,0.060513,0.7544
/Volumes/Tejas SSD/datasets/s1_chips/ots_aoi_a/ots_aoi_a_r06130_c03886.png,8946,70.0,0.060062,0.7544
/Volumes/Tejas SSD/datasets/s1_chips/ots_aoi_a/ots_aoi_a_r04082_c03630.png,9410,70.0,0.062061,0.7414
/Volumes/Tejas SSD/datasets/s1_chips/ots_aoi_a/ots_aoi_a_r03826_c03374.png,9475,70.0,0.062054,0.7368
/Volumes/Tejas SSD/datasets/s1_chips/ots_aoi_a/ots_aoi_a_r05362_c03630.png,9231,70.0,0.062954,0.7368
/Volumes/Tejas SSD/datasets/s1_chips/ots_aoi_a/ots_aoi_a_r05106_c03630.png,9798,68.0,0.066029,0.7368
/Volumes/Tejas SSD/datasets/s1_chips/ots_aoi_a/ots_aoi_a_r03826_c03118.png,10161,68.0,0.067425,0.7321
/Volumes/Tejas SSD/datasets/s1_chips/ots_aoi_a/ots_aoi_a_r04594_c04142.png,9449,69.0,0.062862,0.7241
/Volumes/Tejas SSD/datasets/s1_chips/ots_aoi_a/ots_aoi_a_r05106_c03886.png,10481,68.0,0.068447,0.7193
/Volumes/Tejas SSD/datasets/s1_chips/ots_aoi_a/ots_aoi_a_r06386_c03630.png,10614,68.0,0.072327,0.7143
/Volumes/Tejas SSD/datasets/s1_chips/ots_aoi_a/ots_aoi_a_r04850_c03886.png,10865,67.0,0.072063,0.7143
/Volumes/Tejas SSD/datasets/s1_chips/ots_aoi_a/ots_aoi_a_r04850_c03630.png,11033,66.0,0.073967,0.7143
/Volumes/Tejas SSD/datasets/s1_chips/ots_aoi_a/ots_aoi_a_r05106_c03374.png,9893,68.0,0.067398,0.7018
/Volumes/Tejas SSD/datasets/s1_chips/ots_aoi_a/ots_aoi_a_r05362_c03374.png,10146,66.0,0.068859,0.7018
/Volumes/Tejas SSD/datasets/s1_chips/ots_aoi_a/ots_aoi_a_r05618_c03630.png,11120,66.0,0.075031,0.6842
/Volumes/Tejas SSD/datasets/s1_chips/ots_aoi_a/ots_aoi_a_r06130_c03630.png,11120,66.0,0.075298,0.6842
/Volumes/Tejas SSD/datasets/s1_chips/ots_aoi_a/ots_aoi_a_r04338_c03886.png,11014,66.0,0.072723,0.6842
/Volumes/Tejas SSD/datasets/s1_chips/ots_aoi_a/ots_aoi_a_r04850_c03374.png,10776,66.0,0.072689,0.6842
/Volumes/Tejas SSD/datasets/s1_chips/ots_aoi_a/ots_aoi_a_r04594_c03886.png,11918,65.0,0.079048,0.6786
/Volumes/Tejas SSD/datasets/s1_chips/ots_aoi_a/ots_aoi_a_r04082_c03374.png,11112,67.0,0.072414,0.6724
/Volumes/Tejas SSD/datasets/s1_chips/ots_aoi_a/ots_aoi_a_r06386_c03374.png,11717,66.0,0.077415,0.6667
/Volumes/Tejas SSD/datasets/s1_chips/ots_aoi_a/ots_aoi_a_r06386_c03118.png,11956,65.0,0.077805,0.6667
/Volumes/Tejas SSD/datasets/s1_chips/ots_aoi_a/ots_aoi_a_r04850_c03118.png,12716,63.0,0.082462,0.6607
/Volumes/Tejas SSD/datasets/s1_chips/ots_aoi_a/ots_aoi_a_r04338_c03630.png,11672,66.0,0.077656,0.6552
/Volumes/Tejas SSD/datasets/s1_chips/ots_aoi_a/ots_aoi_a_r05874_c03630.png,11398,66.0,0.076885,0.6552
/Volumes/Tejas SSD/datasets/s1_chips/ots_aoi_a/ots_aoi_a_r05618_c03118.png,11944,65.0,0.078579,0.6491
/Volumes/Tejas SSD/datasets/s1_chips/ots_aoi_a/ots_aoi_a_r06130_c03118.png,11922,65.0,0.078621,0.6491
/Volumes/Tejas SSD/datasets/s1_chips/ots_aoi_a/ots_aoi_a_r04338_c03374.png,11897,65.0,0.078163,0.6491
/Volumes/Tejas SSD/datasets/s1_chips/ots_aoi_a/ots_aoi_a_r06130_c03374.png,11840,65.0,0.078716,0.6491
/Volumes/Tejas SSD/datasets/s1_chips/ots_aoi_a/ots_aoi_a_r04594_c03630.png,12330,64.0,0.082062,0.6491
/Volumes/Tejas SSD/datasets/s1_chips/ots_aoi_a/ots_aoi_a_r05874_c03374.png,12122,64.0,0.080463,0.6491
/Volumes/Tejas SSD/datasets/s1_chips/ots_aoi_a/ots_aoi_a_r05618_c03374.png,11995,64.0,0.0798,0.6491
/Volumes/Tejas SSD/datasets/s1_chips/ots_aoi_a/ots_aoi_a_r04594_c03374.png,11870,64.0,0.078537,0.6491
/Volumes/Tejas SSD/datasets/s1_chips/ots_aoi_a/ots_aoi_a_r04082_c03118.png,12129,65.0,0.07933,0.6379
/Volumes/Tejas SSD/datasets/s1_chips/ots_aoi_a/ots_aoi_a_r05874_c03118.png,12025,65.0,0.078911,0.6379
/Volumes/Tejas SSD/datasets/s1_chips/ots_aoi_a/ots_aoi_a_r05106_c03118.png,13475,63.0,0.08633,0.6316
/Volumes/Tejas SSD/datasets/s1_chips/ots_aoi_a/ots_aoi_a_r04338_c03118.png,12950,63.0,0.083588,0.6316
/Volumes/Tejas SSD/datasets/s1_chips/ots_aoi_a/ots_aoi_a_r05362_c03118.png,12770,63.0,0.08316,0.6316
/Volumes/Tejas SSD/datasets/s1_chips/ots_aoi_a/ots_aoi_a_r04594_c03118.png,12571,63.0,0.081612,0.6316
